flight_sk,journey_sk,airline,departure_airport_id,arrival_airport_id,duration,layover_duration,total_journey_duration,price,hour_of_day,day_of_week,pos,is_best,is_overnight,has_layover,airline_code,dep_airport_code,arr_airport_code,temperature_c,precipitation_mm,weather_code,wind_speed_kmh,visibility_m,snowfall_cm,weather_risk_score,is_delayed
ba2b796e90a730e15e85000dd81ac0de,fa993621d878692db792d42734b231a1,American,DFW,LGA,208.0,0.0,208.0,1359.0,6.0,3.0,0.0,0.0,0.0,0.0,1.0,7.0,13.0,21.7,0.0,3.0,3.6,10000.0,0.0,0.0,0.0
fafec061725cd6e99a8b5a0040bcd96f,3546ffc6c0398e2a395176989e4cda47,Delta,DFW,ATL,134.0,116.0,385.0,259.0,6.0,3.0,0.0,0.0,0.0,1.0,2.0,7.0,0.0,21.7,0.0,3.0,3.6,10000.0,0.0,0.0,0.0
fed2b21a6e8657270a1254757391a2a3,d3d03952e2f67a4457132a0b9afd2ea2,Delta,DFW,LGA,209.0,0.0,209.0,342.0,7.0,3.0,0.0,1.0,0.0,0.0,2.0,7.0,13.0,21.5,0.0,3.0,6.0,10000.0,0.0,0.0,0.0
7c04394f0d46ded8c773d5640c96cc1e,e9ed83dc5d1b8cde21dd58ab518cf08b,American,DFW,PIT,168.0,82.0,355.0,382.0,7.0,3.0,0.0,0.0,0.0,1.0,1.0,7.0,16.0,21.5,0.0,3.0,6.0,10000.0,0.0,0.0,0.0
6defe7e98b1a61e0499f14fa6f74fb65,5a1f5242cdfd539a732874ba9166f205,American,DFW,EWR,211.0,0.0,211.0,412.0,7.0,3.0,0.0,0.0,0.0,0.0,1.0,7.0,8.0,21.5,0.0,3.0,6.0,10000.0,0.0,0.0,0.0
e84c10cda1530fbaaf774e9cff55a187,07e84db2ebd6b2eea1db8936899c9399,United,DFW,IAH,86.0,81.0,389.0,290.0,7.0,3.0,0.0,0.0,0.0,1.0,6.0,7.0,11.0,21.5,0.0,3.0,6.0,10000.0,0.0,0.0,0.0
4428a79635cd8137a0ac217f236a64ca,ae4a5d885f409a35d9dc63eee56b6737,United,DFW,EWR,216.0,0.0,216.0,251.0,7.0,3.0,0.0,1.0,0.0,0.0,6.0,7.0,8.0,21.5,0.0,3.0,6.0,10000.0,0.0,0.0,0.0
208c6f17d9b8429bc4bdaa35a6618247,7b14a5bdee6c84f850142d626fe3b9dc,American,DFW,LGA,213.0,0.0,213.0,342.0,7.0,3.0,0.0,1.0,0.0,0.0,1.0,7.0,13.0,21.5,0.0,3.0,6.0,10000.0,0.0,0.0,0.0
a0003aff859a21f6647c03a62987ccb9,40fd7ec700e22a34afec1a15f8439fd9,United,FLL,EWR,184.0,0.0,184.0,294.0,7.0,3.0,0.0,0.0,0.0,0.0,6.0,9.0,8.0,25.5,0.0,3.0,13.1,10000.0,0.0,0.0,0.0
e9b06f276067625dbe0bcdcba3bbddc5,f6330d1f78f3f9946bf55ae554671531,JetBlue,FLL,JFK,186.0,0.0,186.0,256.0,8.0,3.0,0.0,0.0,0.0,0.0,4.0,9.0,12.0,26.2,0.0,2.0,14.3,10000.0,0.0,0.0,0.0
b4f08c39040f0cf89887c6ab4c7a313e,5faa1c324685535e1b24e3f4a19bc12d,Frontier,DFW,EWR,220.0,0.0,220.0,199.0,8.0,3.0,0.0,1.0,0.0,0.0,3.0,7.0,8.0,21.6,5.1,63.0,6.8,10000.0,0.0,2.0,0.0
4fae2620b6fd83b463b27a40c008c6a3,8b381745013c6532eb97c5782c20e153,Delta,DFW,ATL,135.0,40.0,310.0,277.0,8.0,3.0,0.0,0.0,0.0,1.0,2.0,7.0,0.0,21.6,5.1,63.0,6.8,10000.0,0.0,2.0,0.0
f4f12dcb31c16fbadebc3efc381f940b,7c2482b779946fb9354b7d2909da3e07,Delta,MIA,LGA,183.0,0.0,183.0,274.0,8.0,3.0,0.0,1.0,0.0,0.0,2.0,13.0,13.0,25.8,0.0,3.0,12.5,10000.0,0.0,0.0,0.0
f7c0d69ff734c7630e3e1475fe3134ac,f02d1975a8c52149356d4627b7c8e5d8,Delta,DFW,JFK,224.0,0.0,224.0,424.0,8.0,3.0,0.0,1.0,0.0,0.0,2.0,7.0,12.0,21.6,5.1,63.0,6.8,10000.0,0.0,2.0,0.0
4e1f9704982b73a5cdaf806a81a9748c,329ce5ee86a63e76f15e4f7d2c2783f7,American,MIA,JFK,188.0,0.0,188.0,444.0,8.0,3.0,0.0,0.0,0.0,0.0,1.0,13.0,12.0,25.8,0.0,3.0,12.5,10000.0,0.0,0.0,0.0
7f22db0170d40eefb45715b7ad366000,111a7d0954b00adf7e6d379f1055d33f,American,MIA,LGA,181.0,0.0,181.0,304.0,8.0,3.0,0.0,0.0,0.0,0.0,1.0,13.0,13.0,25.8,0.0,3.0,12.5,10000.0,0.0,0.0,0.0
41d193b5556e1df6e1b2b7fd3f9a8052,1bc2bcb67d63c26deb5393f4c5168b0d,Alaska,DFW,SEA,260.0,162.0,749.0,636.0,9.0,3.0,0.0,0.0,0.0,1.0,0.0,7.0,17.0,21.5,1.0,55.0,7.2,10000.0,0.0,2.0,0.0
6177e7b23382589dfe5c75014be89a9b,a85e8ca93c78d47a2cfc1b4cb1b1a557,JetBlue,FLL,JFK,186.0,0.0,186.0,256.0,9.0,3.0,0.0,1.0,0.0,0.0,4.0,9.0,12.0,28.1,0.0,3.0,4.2,10000.0,0.0,0.0,0.0
f2a45131cbe2f144c3d54915ea95a659,d1c1788d930317def82ee0cc24622060,United,DFW,IAH,77.0,57.0,358.0,290.0,9.0,3.0,0.0,1.0,0.0,1.0,6.0,7.0,11.0,21.5,1.0,55.0,7.2,10000.0,0.0,2.0,0.0
c2387634d2ff3c77dc88df7804e9ebc4,07e84db2ebd6b2eea1db8936899c9399,United,IAH,LGA,222.0,0.0,389.0,290.0,9.0,3.0,1.0,0.0,0.0,0.0,6.0,11.0,13.0,25.5,0.0,2.0,7.6,10000.0,0.0,0.0,0.0
040c0a3b1d12d6992b0e85e78c4e3154,eec6b5e79ea0d46fe26053b4fcb78fed,Frontier,FLL,CLT,145.0,311.0,582.0,183.0,9.0,3.0,0.0,0.0,0.0,1.0,3.0,9.0,4.0,28.1,0.0,3.0,4.2,10000.0,0.0,0.0,0.0
b5e04e599f5f6f58a26b0904715146ba,602eb851fefb6c3c78c22775ce7a7f07,American,MIA,LGA,181.0,0.0,181.0,847.0,10.0,3.0,0.0,0.0,0.0,0.0,1.0,13.0,13.0,29.0,0.7,53.0,9.2,10000.0,0.0,1.0,0.0
6800f983f2194ad350486217bceb62ee,6689a9c7da2e3a1dd82daa9c90784cd1,American,MIA,JFK,194.0,0.0,194.0,274.0,10.0,3.0,0.0,1.0,0.0,0.0,1.0,13.0,12.0,29.0,0.7,53.0,9.2,10000.0,0.0,1.0,0.0
ca281ed21cac67bb6cbd15c418896cc1,0016e4041fc5e2389ebbfc8de1c92342,United,DFW,EWR,215.0,0.0,215.0,251.0,10.0,3.0,0.0,1.0,0.0,0.0,6.0,7.0,8.0,21.8,1.4,61.0,8.0,10000.0,0.0,1.0,0.0
c63cf8ab79b534e140d6cca9d94652f1,64b52daab912f17c112c6d1e9a21abf5,JetBlue,FLL,LGA,175.0,0.0,175.0,256.0,10.0,3.0,0.0,0.0,0.0,0.0,4.0,9.0,13.0,29.6,0.0,3.0,8.1,10000.0,0.0,0.0,0.0
f5acd13a3bfa62dd0db5be08d6b8be96,f138cea58ce4063ff62de37a9a085e31,JetBlue,FLL,JFK,191.0,0.0,191.0,256.0,10.0,3.0,0.0,0.0,0.0,0.0,4.0,9.0,12.0,29.6,0.0,3.0,8.1,10000.0,0.0,0.0,0.0
6ea3ce22fd932cac656243b39347485b,5bb32450c03a623998fad0ae9811d972,Delta,DFW,LGA,219.0,0.0,219.0,342.0,10.0,3.0,0.0,0.0,0.0,0.0,2.0,7.0,13.0,21.8,1.4,61.0,8.0,10000.0,0.0,1.0,0.0
488b0bf06254e51b0cfd9ac9cbdcf45a,636b9e59e1dfc0be77051525993c32d1,American,DFW,JFK,218.0,0.0,218.0,342.0,11.0,3.0,0.0,1.0,0.0,0.0,1.0,7.0,12.0,21.8,2.6,63.0,7.5,10000.0,0.0,2.0,0.0
c486a08bf2e7970590b8a10bf53c01c2,dd9b158a8cb272242803df575d02c533,Delta,FLL,JFK,171.0,0.0,171.0,256.0,11.0,3.0,0.0,1.0,0.0,0.0,2.0,9.0,12.0,29.4,0.1,51.0,15.5,10000.0,0.0,1.0,0.0
e0e69b30dcba8edbc3148d8ec81ab732,ec1f060239ce91a981827edcf74950c2,United,FLL,EWR,184.0,0.0,184.0,337.0,11.0,3.0,0.0,0.0,0.0,0.0,6.0,9.0,8.0,29.4,0.1,51.0,15.5,10000.0,0.0,1.0,0.0
7abfb3f4d3c1d268775065b380313743,23f7ef70df523fc137d554fe7daface3,Frontier,MIA,ATL,135.0,439.0,715.0,188.0,11.0,3.0,0.0,0.0,0.0,1.0,3.0,13.0,0.0,28.0,3.2,63.0,5.4,10000.0,0.0,2.0,0.0
41f8c92eb88cce9750286882a936c793,c1dc7217943d582c77047eb8f6d3d190,United,FLL,CLE,165.0,74.0,340.0,264.0,11.0,3.0,0.0,0.0,0.0,1.0,6.0,9.0,3.0,29.4,0.1,51.0,15.5,10000.0,0.0,1.0,0.0
b4b8cb8a8764d22b2cb6d142892be9d1,24aadc16e12add4b773824c48ea7e56b,Delta,MIA,JFK,187.0,0.0,187.0,598.0,11.0,3.0,0.0,0.0,0.0,0.0,2.0,13.0,12.0,28.0,3.2,63.0,5.4,10000.0,0.0,2.0,0.0
eb9e5040761b810fabbf6ffdae0adb82,4d37bf6c395a1c28ee489130e1ce10fd,Delta,MIA,LGA,188.0,0.0,188.0,274.0,11.0,3.0,0.0,1.0,0.0,0.0,2.0,13.0,13.0,28.0,3.2,63.0,5.4,10000.0,0.0,2.0,0.0
abd2c3d4a94fea5f85d4c197abbc0d9b,e10dd7e2f2b464e29021100b92d44f64,Delta,FLL,LGA,178.0,0.0,178.0,719.0,11.0,3.0,0.0,0.0,0.0,0.0,2.0,9.0,13.0,29.4,0.1,51.0,15.5,10000.0,0.0,1.0,0.0
bfb5c51a483912fca4e68e6c3e42af98,abb770c0a6f83ffffb8262ecf94dd92c,JetBlue,FLL,JFK,187.0,0.0,187.0,256.0,11.0,3.0,0.0,1.0,0.0,0.0,4.0,9.0,12.0,29.4,0.1,51.0,15.5,10000.0,0.0,1.0,0.0
71eeeb7bdb17497b04f7ff92e42e4e97,7a800f4d75b524b2370a3394eb06bfa6,United,DFW,IAH,78.0,70.0,372.0,290.0,11.0,3.0,0.0,0.0,0.0,1.0,6.0,7.0,11.0,21.8,2.6,63.0,7.5,10000.0,0.0,2.0,0.0
c85925964765204e20717807dd82cd86,d1c1788d930317def82ee0cc24622060,United,IAH,LGA,224.0,0.0,358.0,290.0,12.0,3.0,1.0,1.0,0.0,0.0,6.0,11.0,13.0,25.1,1.9,61.0,12.9,10000.0,0.0,1.0,1.0
e198d0c3c20e131ebad28e45c69ca5e4,3546ffc6c0398e2a395176989e4cda47,Delta,ATL,EWR,135.0,0.0,385.0,259.0,12.0,3.0,1.0,0.0,0.0,0.0,2.0,0.0,8.0,25.8,0.1,51.0,5.1,10000.0,0.0,1.0,0.0
95e6ed37fd99a78f090db5a05c268c32,8b381745013c6532eb97c5782c20e153,Delta,ATL,EWR,135.0,0.0,310.0,277.0,12.0,3.0,1.0,0.0,0.0,0.0,2.0,0.0,8.0,25.8,0.1,51.0,5.1,10000.0,0.0,1.0,0.0
2b0c0cd54b1990fdd5b95cce565757c8,51ebd4b6a1f01d0ccc85c90c1f2499ca,JetBlue,FLL,LGA,174.0,0.0,174.0,256.0,12.0,3.0,0.0,1.0,0.0,0.0,4.0,9.0,13.0,29.9,0.1,51.0,14.0,10000.0,0.0,1.0,1.0
a3b3f7bde846488274bc30ed440fdcce,e9ed83dc5d1b8cde21dd58ab518cf08b,American,PIT,JFK,105.0,0.0,355.0,382.0,12.0,3.0,1.0,0.0,0.0,0.0,1.0,15.0,12.0,27.1,0.1,0.0,9.2,10000.0,0.0,0.0,0.0
731b0b5f6da62b8b5db79e3ab63388f2,085c10be256f05ed58b14a02d8fd59b4,American,DFW,BOS,230.0,38.0,372.0,382.0,12.0,3.0,0.0,0.0,0.0,1.0,1.0,7.0,2.0,22.6,0.7,53.0,4.3,10000.0,0.0,1.0,1.0
17b79f793ae2247a651094a738a3cbbc,f0bd42ba101c657da20f519188637c90,Delta,DFW,ATL,138.0,61.0,365.0,745.0,12.0,3.0,0.0,0.0,0.0,1.0,2.0,7.0,0.0,22.6,0.7,53.0,4.3,10000.0,0.0,1.0,0.0
6d9ce08e16ff4898f5719bfaef34b11b,582df99d24838d1a10e0b3d9dbc7a13b,Delta,DFW,ATL,138.0,178.0,482.0,350.0,12.0,3.0,0.0,0.0,0.0,1.0,2.0,7.0,0.0,22.6,0.7,53.0,4.3,10000.0,0.0,1.0,0.0
ef30bcf402b38777d39750b213d57162,83a0f3ba1cd74c97d34e7a26b353374c,American,DFW,LGA,213.0,0.0,213.0,374.0,12.0,3.0,0.0,0.0,0.0,0.0,1.0,7.0,13.0,22.6,0.7,53.0,4.3,10000.0,0.0,1.0,1.0
8fc5a6f112223b1882b1c8276ccd417b,a9818e73468d1f1ab7c61ff73667471f,United,FLL,EWR,184.0,0.0,184.0,337.0,12.0,3.0,0.0,0.0,0.0,0.0,6.0,9.0,8.0,29.9,0.1,51.0,14.0,10000.0,0.0,1.0,0.0
d11e63f9200dbb796d158a8429dc7728,225261f0491d9e8f7834d1d67741783c,United,DFW,EWR,217.0,0.0,217.0,251.0,13.0,3.0,0.0,1.0,0.0,0.0,6.0,7.0,8.0,22.8,1.5,61.0,10.1,10000.0,0.0,1.0,0.0
cd6f80bbdafffba12fc7f99e0a7baec9,5d82a9ce0a8d4f22fd755abb24b672e6,United,MIA,IAD,163.0,87.0,337.0,283.0,13.0,3.0,0.0,0.0,0.0,1.0,6.0,13.0,10.0,29.2,0.0,1.0,11.5,10000.0,0.0,0.0,0.0
8bfa07d5c35e82edd7b8cc6ee7826bc7,f9602bfe80f933e8f6fc0389540e1f40,Delta,DFW,LGA,215.0,0.0,215.0,342.0,13.0,3.0,0.0,0.0,0.0,0.0,2.0,7.0,13.0,22.8,1.5,61.0,10.1,10000.0,0.0,1.0,1.0
9cde823b3a0c256caf33f66888718b23,d947dc2f8083dd6e57edcdd328aee99c,Delta,DFW,DTW,165.0,33.0,305.0,277.0,13.0,3.0,0.0,0.0,0.0,1.0,2.0,7.0,7.0,22.8,1.5,61.0,10.1,10000.0,0.0,1.0,0.0
22712c09d0a5efd9723b08d05e27946e,e36d4578f934ff9a56796400526e3918,American,DFW,LGA,212.0,0.0,212.0,342.0,13.0,3.0,0.0,0.0,0.0,0.0,1.0,7.0,13.0,22.8,1.5,61.0,10.1,10000.0,0.0,1.0,1.0
f1f437c715929fc953e449bb6f1080cd,337f47aacecac5b26424dcebe0268a8a,United,DFW,DEN,131.0,65.0,430.0,290.0,13.0,3.0,0.0,0.0,0.0,1.0,6.0,7.0,6.0,22.8,1.5,61.0,10.1,10000.0,0.0,1.0,0.0
963c3a4f95deafdf3ad6ffa629df7baf,25ef8af63195e2a8ea7de64ed7a069b8,American,MIA,JFK,190.0,0.0,190.0,389.0,13.0,3.0,0.0,0.0,0.0,0.0,1.0,13.0,12.0,29.2,0.0,1.0,11.5,10000.0,0.0,0.0,0.0
8f849b64da301cad7852048f53c05b82,ebd957ae0281b1dd5be075486af8d2e2,American,FLL,CLT,132.0,127.0,396.0,264.0,13.0,3.0,0.0,0.0,0.0,1.0,1.0,9.0,4.0,29.8,0.1,51.0,13.2,10000.0,0.0,1.0,0.0
1541c8efc41bf27cdf5baf5475af49ce,1bc2bcb67d63c26deb5393f4c5168b0d,Alaska,SEA,JFK,327.0,0.0,749.0,636.0,14.0,3.0,1.0,0.0,0.0,0.0,0.0,16.0,12.0,21.9,0.0,0.0,14.0,10000.0,0.0,0.0,0.0
8055c917b7667b639dc0ab52783c0a50,949bf15fa7c0a7ae9314fa434b440809,American,MIA,LGA,183.0,0.0,183.0,274.0,14.0,3.0,0.0,0.0,0.0,0.0,1.0,13.0,13.0,29.2,1.7,61.0,13.9,10000.0,0.0,1.0,1.0
73ea1e4ddd07af0a83e63487ad2ef31a,7a800f4d75b524b2370a3394eb06bfa6,United,IAH,LGA,224.0,0.0,372.0,290.0,14.0,3.0,1.0,0.0,0.0,0.0,6.0,11.0,13.0,28.9,0.1,51.0,12.2,10000.0,0.0,1.0,1.0
723336317df673f8447129f674176eb7,a47a2f12eb8e527b8e998842ca946779,American,DFW,EWR,213.0,0.0,213.0,342.0,14.0,3.0,0.0,1.0,0.0,0.0,1.0,7.0,8.0,21.9,2.5,63.0,9.3,10000.0,0.0,2.0,1.0
c234e7c1117faecad0e1991cd3ea4949,694436c0871bef9a3231e2451bbac923,Southwest,MIA,MDW,190.0,165.0,485.0,198.0,14.0,3.0,0.0,0.0,0.0,1.0,5.0,13.0,14.0,29.2,1.7,61.0,13.9,10000.0,0.0,1.0,0.0
6b6db6fbd968489759fc004a942d262e,ce04bb34cf174da66a6dba490417a8e3,American,DFW,LGA,211.0,0.0,211.0,342.0,14.0,3.0,0.0,0.0,0.0,0.0,1.0,7.0,13.0,21.9,2.5,63.0,9.3,10000.0,0.0,2.0,1.0
15b8518d01b5e2822516c4b5fa632615,a690b9e995b003d8d338c4ac5c6088c1,Delta,FLL,LGA,191.0,0.0,191.0,256.0,15.0,3.0,0.0,1.0,0.0,0.0,2.0,9.0,13.0,30.2,0.0,3.0,14.8,10000.0,0.0,0.0,0.0
af33dbb4f2424991f17093c10dff311b,c1dc7217943d582c77047eb8f6d3d190,United,CLE,EWR,101.0,0.0,340.0,264.0,15.0,3.0,1.0,0.0,0.0,0.0,6.0,3.0,8.0,27.1,0.1,0.0,9.2,10000.0,0.0,0.0,0.0
5219d495f9747f2c716ac9a4b01980b0,8cf873f08c58baa17359e59238cee1eb,Delta,MIA,JFK,209.0,0.0,209.0,274.0,15.0,3.0,0.0,1.0,0.0,0.0,2.0,13.0,12.0,29.6,0.3,51.0,12.8,10000.0,0.0,1.0,0.0
1ab820aa64062572712d661489114920,441d84d575b7b627c3ed361e77a0ae0e,Delta,FLL,JFK,199.0,0.0,199.0,256.0,15.0,3.0,0.0,0.0,0.0,0.0,2.0,9.0,12.0,30.2,0.0,3.0,14.8,10000.0,0.0,0.0,0.0
8e094bd90adfb8379993627515307136,938fc4b2bd7167c977f689a0e0ae0fd9,Delta,MIA,LGA,198.0,0.0,198.0,311.0,15.0,3.0,0.0,0.0,0.0,0.0,2.0,13.0,13.0,29.6,0.3,51.0,12.8,10000.0,0.0,1.0,1.0
3860f79f98ff40513655ee61be4bb2df,c306c0722c8fe26af7e6ef78a70eab08,American,MIA,LGA,179.0,0.0,179.0,274.0,15.0,3.0,0.0,1.0,0.0,0.0,1.0,13.0,13.0,29.6,0.3,51.0,12.8,10000.0,0.0,1.0,1.0
70f5f5bede4daea92270fbdd0884f209,5abfbfdd962b942d121edeae8a065169,American,DFW,JFK,224.0,0.0,224.0,342.0,15.0,3.0,0.0,1.0,0.0,0.0,1.0,7.0,12.0,24.0,0.2,51.0,14.1,10000.0,0.0,1.0,1.0
2ada0e289b4b295e02157b7507c0bb47,c305fec0af2f6b09f2c610324a467f79,JetBlue,FLL,JFK,191.0,0.0,191.0,256.0,15.0,3.0,0.0,0.0,0.0,0.0,4.0,9.0,12.0,30.2,0.0,3.0,14.8,10000.0,0.0,0.0,1.0
cc20b04468de7cb213d45f11465a30ce,a439f5d9c2e934afe917037434c7598d,United,FLL,EWR,187.0,0.0,187.0,337.0,15.0,3.0,0.0,0.0,0.0,0.0,6.0,9.0,8.0,30.2,0.0,3.0,14.8,10000.0,0.0,0.0,0.0
d0229a87e52fbd359fbf3481b73428b0,77b438bb96ef3b93b48ff97bbed7bf46,American,DFW,LGA,211.0,0.0,211.0,342.0,15.0,3.0,0.0,0.0,0.0,0.0,1.0,7.0,13.0,24.0,0.2,51.0,14.1,10000.0,0.0,1.0,1.0
52f912c64517f67fbcba132898fcad6e,337f47aacecac5b26424dcebe0268a8a,United,DEN,LGA,234.0,0.0,430.0,290.0,16.0,3.0,1.0,0.0,0.0,0.0,6.0,6.0,13.0,27.1,0.1,0.0,9.2,10000.0,0.0,0.0,1.0
35e97e808248fe30faa6c50d1f06cc80,eb019e3fb64361b7a99afed933796db6,Southwest,MIA,BNA,145.0,160.0,445.0,198.0,16.0,3.0,0.0,0.0,0.0,1.0,5.0,13.0,1.0,29.5,0.0,1.0,12.8,10000.0,0.0,0.0,0.0
eaf6047ef32bbfa888ca08d7a97fd155,a51d208d2d391a37b168bea944a29f71,United,DFW,IAH,77.0,74.0,374.0,290.0,16.0,3.0,0.0,0.0,0.0,1.0,6.0,7.0,11.0,25.0,0.0,3.0,13.9,10000.0,0.0,0.0,1.0
7329bd3d2868f007fd634c3783c9f140,b95d4cde205e910095eab56e56b2807b,American,MIA,JFK,190.0,0.0,190.0,274.0,16.0,3.0,0.0,1.0,0.0,0.0,1.0,13.0,12.0,29.5,0.0,1.0,12.8,10000.0,0.0,0.0,0.0
14fa1f8e2148d1e809dfb7a0c1eeb5b7,90425e0989e9a465e917fb8a43b07959,American,FLL,CLT,137.0,102.0,362.0,285.0,16.0,3.0,0.0,0.0,0.0,1.0,1.0,9.0,4.0,30.5,0.0,2.0,13.2,10000.0,0.0,0.0,0.0
84433e0379edfa9f4aac27c9ac0d790d,c54aa968a2502452b44d776c2f3e11c3,Delta,DFW,LGA,217.0,0.0,217.0,563.0,16.0,3.0,0.0,0.0,0.0,0.0,2.0,7.0,13.0,25.0,0.0,3.0,13.9,10000.0,0.0,0.0,1.0
8e16887df9c13bf91edee043c5bd8a98,3ccc7acc44a8f4ff08482d292fe99713,American,MIA,LGA,182.0,0.0,182.0,274.0,16.0,3.0,0.0,0.0,0.0,0.0,1.0,13.0,13.0,29.5,0.0,1.0,12.8,10000.0,0.0,0.0,1.0
1502be5777cb1c6472dfc8ace206be36,f0bd42ba101c657da20f519188637c90,Delta,ATL,JFK,166.0,0.0,365.0,745.0,16.0,3.0,1.0,0.0,0.0,0.0,2.0,0.0,12.0,29.5,0.1,51.0,4.8,10000.0,0.0,1.0,0.0
1e78f603e5782e792099b45c003ae599,1b605b6d9c25ff47393bb1ea291b01ef,JetBlue,FLL,LGA,178.0,0.0,178.0,256.0,16.0,3.0,0.0,0.0,0.0,0.0,4.0,9.0,13.0,30.5,0.0,2.0,13.2,10000.0,0.0,0.0,1.0
32d3dbd872ec3b905dbb6273c244402d,fe0701ec84427b740d07cc9672c74b7d,United,DFW,EWR,215.0,0.0,215.0,407.0,16.0,3.0,0.0,0.0,0.0,0.0,6.0,7.0,8.0,25.0,0.0,3.0,13.9,10000.0,0.0,0.0,1.0
df7bd303e940e6426bc5a06befec44aa,f6347707c9a16c37c353038c9eaa10be,American,DFW,LGA,210.0,0.0,210.0,342.0,16.0,3.0,0.0,0.0,0.0,0.0,1.0,7.0,13.0,25.0,0.0,3.0,13.9,10000.0,0.0,0.0,1.0
060f295aafdf6804ad90799780899396,14a874a4eb2648b7f976efbae6c22a70,United,DFW,IAD,189.0,41.0,315.0,290.0,17.0,3.0,0.0,0.0,0.0,1.0,6.0,7.0,10.0,23.9,0.1,51.0,12.4,10000.0,0.0,1.0,1.0
61d0e0523d303dd8eb1f11c3d95dcd67,5d82a9ce0a8d4f22fd755abb24b672e6,United,IAD,LGA,87.0,0.0,337.0,283.0,17.0,3.0,1.0,0.0,0.0,0.0,6.0,10.0,13.0,27.1,0.1,0.0,9.2,10000.0,0.0,0.0,0.0
509403a01bbb10ddfb1fd422cc1b4c20,eec6b5e79ea0d46fe26053b4fcb78fed,Frontier,CLT,LGA,126.0,0.0,582.0,183.0,17.0,3.0,1.0,0.0,0.0,0.0,3.0,4.0,13.0,27.1,0.1,0.0,9.2,10000.0,0.0,0.0,0.0
0d8ff4cc59388883440b9f68cc539e94,50635df43e77a8127a6fafb27632c2d4,American,DFW,JFK,226.0,0.0,226.0,342.0,17.0,3.0,0.0,1.0,0.0,0.0,1.0,7.0,12.0,23.9,0.1,51.0,12.4,10000.0,0.0,1.0,1.0
91e93c00de1f6ebe40d31036b115ca0f,d947dc2f8083dd6e57edcdd328aee99c,Delta,DTW,EWR,107.0,0.0,305.0,277.0,17.0,3.0,1.0,0.0,0.0,0.0,2.0,8.0,8.0,27.1,0.1,0.0,9.2,10000.0,0.0,0.0,0.0
e878bdf61052099cc6ad88f12525a256,085c10be256f05ed58b14a02d8fd59b4,American,BOS,JFK,104.0,0.0,372.0,382.0,17.0,3.0,1.0,0.0,0.0,0.0,1.0,2.0,12.0,25.4,0.0,0.0,21.3,10000.0,0.0,0.0,1.0
460a1f3df697631653b0d733027038ad,b7ee8a1735d0eddea3f56642ca9b2b5c,American,MIA,LGA,184.0,0.0,184.0,274.0,17.0,3.0,0.0,0.0,0.0,0.0,1.0,13.0,13.0,28.9,0.1,51.0,12.1,10000.0,0.0,1.0,1.0
bff5a460f3e3bb108305ece790970acf,f662375769e8ee2e9731bb9301767dc2,United,FLL,EWR,191.0,0.0,191.0,256.0,17.0,3.0,0.0,1.0,0.0,0.0,6.0,9.0,8.0,30.5,0.0,3.0,14.6,10000.0,0.0,0.0,0.0
b214d9a6bd72acf6d44192297e482563,1eb31d4c81f47d660ef859584ee70d0a,American,DFW,LGA,212.0,0.0,212.0,342.0,17.0,3.0,0.0,0.0,0.0,0.0,1.0,7.0,13.0,23.9,0.1,51.0,12.4,10000.0,0.0,1.0,1.0
d610d903bc9bc88003b907a3b0410fd9,df801c9f2bd5a8dd025d3cacff203fac,American,FLL,LGA,177.0,0.0,177.0,256.0,17.0,3.0,0.0,1.0,0.0,0.0,1.0,9.0,13.0,30.5,0.0,3.0,14.6,10000.0,0.0,0.0,1.0
3af684c2d89d57b48bc4298eff408ebd,0e06d52a9fa3ce3af54274ebd54cdf90,JetBlue,FLL,EWR,183.0,0.0,183.0,256.0,17.0,3.0,0.0,1.0,0.0,0.0,4.0,9.0,8.0,30.5,0.0,3.0,14.6,10000.0,0.0,0.0,1.0
87f5c7f4788f0fb8241ac6af6e2b50a6,ebd957ae0281b1dd5be075486af8d2e2,American,CLT,EWR,137.0,0.0,396.0,264.0,18.0,3.0,1.0,0.0,0.0,0.0,1.0,4.0,8.0,27.1,0.1,0.0,9.2,10000.0,0.0,0.0,1.0
8f6c39f7ceb6675e4a834209bc57972e,e8cd9727cb76fee88f02c64812dff4ce,American,MIA,JFK,191.0,0.0,191.0,274.0,18.0,3.0,0.0,0.0,0.0,0.0,1.0,13.0,12.0,28.5,0.0,3.0,10.3,10000.0,0.0,0.0,1.0
fc39f3fc58af1ebc0744e4f263fd1464,a21d61901cf585bfe45b6493b6d695e3,American,DFW,EWR,214.0,0.0,214.0,342.0,18.0,3.0,0.0,0.0,0.0,0.0,1.0,7.0,8.0,22.8,0.7,53.0,8.1,10000.0,0.0,1.0,0.0
ca9b7ee6c57967cada9f703d291a981e,a51d208d2d391a37b168bea944a29f71,United,IAH,LGA,223.0,0.0,374.0,290.0,18.0,3.0,1.0,0.0,0.0,0.0,6.0,11.0,13.0,27.5,0.0,3.0,2.1,10000.0,0.0,0.0,1.0
0a54a5c1a474dff437384de6fd9190c6,7bd432574fbf6d2a184c73bd0ff825e8,JetBlue,FLL,LGA,178.0,0.0,178.0,256.0,18.0,3.0,0.0,0.0,0.0,0.0,4.0,9.0,13.0,29.5,0.4,51.0,14.3,10000.0,0.0,1.0,0.0
514aefc46a920e44b35ee3001e1efcee,582df99d24838d1a10e0b3d9dbc7a13b,Delta,ATL,JFK,166.0,0.0,482.0,350.0,18.0,3.0,1.0,0.0,0.0,0.0,2.0,0.0,12.0,26.0,0.4,51.0,5.6,10000.0,0.0,1.0,0.0
62a6af233e73f61e3aecc6f6db86d5a6,8e4cdf103c76a849236784de47de9dfb,Delta,DFW,LGA,216.0,0.0,216.0,342.0,18.0,3.0,0.0,0.0,0.0,0.0,2.0,7.0,13.0,22.8,0.7,53.0,8.1,10000.0,0.0,1.0,1.0
2024a3c1f08c12a60891804866927864,0b433176ea328a5a4a4dbc6b53c99ce1,American,DFW,LGA,213.0,0.0,213.0,342.0,19.0,3.0,0.0,0.0,0.0,0.0,1.0,7.0,13.0,22.2,0.9,53.0,10.3,10000.0,0.0,1.0,1.0
84e56fbf5096138fdd6d8bee89ec4180,ca62e063903b2e83ff91b8602f89fdd6,American,MIA,JFK,194.0,0.0,194.0,274.0,19.0,3.0,0.0,0.0,0.0,0.0,1.0,13.0,12.0,27.9,0.1,51.0,8.9,10000.0,0.0,1.0,1.0
7c22274d18374e21f9e9bdbbf14bf817,217ce787b66db22b651a000d1c3ce4eb,Delta,MIA,LGA,197.0,0.0,197.0,274.0,19.0,3.0,0.0,0.0,0.0,0.0,2.0,13.0,13.0,27.9,0.1,51.0,8.9,10000.0,0.0,1.0,0.0
e51ba0e971c2aafdc017397556b90f12,694436c0871bef9a3231e2451bbac923,Southwest,MDW,LGA,130.0,0.0,485.0,198.0,19.0,3.0,1.0,0.0,0.0,0.0,5.0,12.0,13.0,27.1,0.1,0.0,9.2,10000.0,0.0,0.0,0.0
a1ee0ad85b93b4cf4a9a6824a83c6809,afdeae7bfc16dce65849c3446fc4567c,American,MIA,LGA,185.0,0.0,185.0,274.0,19.0,3.0,0.0,0.0,0.0,0.0,1.0,13.0,13.0,27.9,0.1,51.0,8.9,10000.0,0.0,1.0,1.0
c7ccae47f33011024261eeab72eaa99c,30591705730d8ba6d32042de3473c5de,Delta,FLL,LGA,181.0,0.0,181.0,256.0,19.0,3.0,0.0,0.0,0.0,0.0,2.0,9.0,13.0,28.6,0.3,51.0,11.2,10000.0,0.0,1.0,1.0
9925811d772a2f80aa8a1b785046168b,922822d600816c643b0555efa7fb16aa,Delta,FLL,ATL,126.0,46.0,309.0,1997.0,19.0,3.0,0.0,0.0,0.0,1.0,2.0,9.0,0.0,28.6,0.3,51.0,11.2,10000.0,0.0,1.0,0.0
a0b1368ec5d987de0cc27b40397f98a2,8896439a489993b97ad3269180b892ed,American,DFW,DCA,182.0,361.0,633.0,551.0,19.0,3.0,0.0,0.0,0.0,1.0,1.0,7.0,5.0,22.2,0.9,53.0,10.3,10000.0,0.0,1.0,0.0
f366a3c81e0fc851312ff00186aacc50,f8e85c71f0e45f2a1ba4a375d0508cfc,Delta,MIA,JFK,200.0,0.0,200.0,274.0,19.0,3.0,0.0,0.0,0.0,0.0,2.0,13.0,12.0,27.9,0.1,51.0,8.9,10000.0,0.0,1.0,1.0
f01cf7eb439ac3a11311031dabefb5a5,18afc3e2e2384d4bd6862a8f88f13d08,Delta,FLL,JFK,179.0,0.0,179.0,256.0,19.0,3.0,0.0,0.0,0.0,0.0,2.0,9.0,12.0,28.6,0.3,51.0,11.2,10000.0,0.0,1.0,1.0
c533e5de8428f379ffdeac3839b4ec94,eb019e3fb64361b7a99afed933796db6,Southwest,BNA,LGA,140.0,0.0,445.0,198.0,20.0,3.0,1.0,0.0,0.0,0.0,5.0,1.0,13.0,27.1,0.1,0.0,9.2,10000.0,0.0,0.0,0.0
2c7423819bc3e4adfdd872eb2c2c8330,ad44bd6bceef10009923333d0ac79fbb,JetBlue,FLL,LGA,177.0,0.0,177.0,256.0,20.0,3.0,0.0,0.0,0.0,0.0,4.0,9.0,13.0,28.0,0.0,3.0,10.7,10000.0,0.0,0.0,0.0
8e6739a0d072456ed2cf3af3cf72a72f,90425e0989e9a465e917fb8a43b07959,American,CLT,JFK,123.0,0.0,362.0,285.0,20.0,3.0,1.0,0.0,0.0,0.0,1.0,4.0,12.0,27.1,0.1,0.0,9.2,10000.0,0.0,0.0,0.0
ca77e91e589dc59eda0c4c1202e6163a,b8cee8417643520dc26618759dfab3cd,JetBlue,FLL,EWR,181.0,0.0,181.0,256.0,20.0,3.0,0.0,1.0,0.0,0.0,4.0,9.0,8.0,28.0,0.0,3.0,10.7,10000.0,0.0,0.0,0.0
26a4959532eaf80e7c4b208bddf2cb6f,cbf8e23d1ce0a3743b83dbda5002fbdf,United,DFW,EWR,212.0,0.0,212.0,342.0,20.0,3.0,0.0,0.0,0.0,0.0,6.0,7.0,8.0,22.3,0.3,51.0,9.8,10000.0,0.0,1.0,1.0
b515641ce6ee79232eb292748f2a8e0c,8b83b3edb78ea14beae7044a7b41081a,American,MIA,LGA,183.0,0.0,183.0,274.0,20.0,3.0,0.0,0.0,0.0,0.0,1.0,13.0,13.0,27.1,0.0,3.0,7.4,10000.0,0.0,0.0,1.0
aec6431c4252f439f509ffb4fb811fac,23f7ef70df523fc137d554fe7daface3,Frontier,ATL,LGA,141.0,0.0,715.0,188.0,20.0,3.0,1.0,0.0,0.0,0.0,3.0,0.0,13.0,25.7,0.0,3.0,4.9,10000.0,0.0,0.0,0.0
bb528b9856c0e42f92f327c12216dd47,ac6142263567d4e052994ec1eaa2041e,JetBlue,FLL,JFK,186.0,0.0,186.0,256.0,20.0,3.0,0.0,0.0,0.0,0.0,4.0,9.0,12.0,28.0,0.0,3.0,10.7,10000.0,0.0,0.0,1.0
6e9ed0c875e8e7b61733213e04ef07e4,eaaa17295bb76e80d83096b5830b8d19,American,MIA,JFK,187.0,0.0,187.0,274.0,21.0,3.0,0.0,0.0,1.0,0.0,1.0,13.0,12.0,27.5,0.0,2.0,6.5,10000.0,0.0,0.0,1.0
dfde705cf58dad8fcb66a40f1cda3bf5,14a874a4eb2648b7f976efbae6c22a70,United,IAD,LGA,85.0,0.0,315.0,290.0,22.0,3.0,1.0,0.0,1.0,0.0,6.0,10.0,13.0,27.1,0.1,0.0,9.2,10000.0,0.0,0.0,0.0
722e91129a0abfc782cdbf392745b7f5,922822d600816c643b0555efa7fb16aa,Delta,ATL,EWR,137.0,0.0,309.0,1997.0,22.0,3.0,1.0,0.0,1.0,0.0,2.0,0.0,8.0,23.5,0.0,3.0,8.7,10000.0,0.0,0.0,0.0
82625c6d7eca3b49343e8481b8f041ba,000c025ea51354c5df6760003f975b58,Delta,DFW,DTW,161.0,65.0,330.0,277.0,5.0,4.0,0.0,0.0,1.0,1.0,2.0,7.0,7.0,21.8,0.1,51.0,6.0,10000.0,0.0,1.0,0.0
a5da0c70052b2124cf8fcb117713c3b8,ad9384ac4b0dad02fdecb91a3852d093,Delta,DFW,ATL,132.0,58.0,330.0,350.0,5.0,4.0,0.0,0.0,1.0,1.0,2.0,7.0,0.0,21.8,0.1,51.0,6.0,10000.0,0.0,1.0,0.0
ca437293002cbadbf49a8b12da9ac7bd,257ec5181a7b819c5a080fb8db7f63d7,Delta,DFW,ATL,132.0,81.0,354.0,259.0,5.0,4.0,0.0,0.0,1.0,1.0,2.0,7.0,0.0,21.8,0.1,51.0,6.0,10000.0,0.0,1.0,0.0
1bafc5d660fc4640aa7e71a96eefe434,196f50c06b547de436000a39485aef74,JetBlue,DFW,FLL,176.0,52.0,419.0,477.0,6.0,4.0,0.0,0.0,0.0,1.0,4.0,7.0,9.0,21.7,0.0,3.0,9.5,10000.0,0.0,0.0,0.0
6432ec08c7cc4080f2e2d98130527ab0,8896439a489993b97ad3269180b892ed,American,DCA,JFK,90.0,0.0,633.0,551.0,6.0,4.0,1.0,0.0,0.0,0.0,1.0,5.0,12.0,27.1,0.1,0.0,9.2,10000.0,0.0,0.0,0.0
bd10109ece8a7922864c547018f2ea8a,6ca4e8cfb8e3b723f3a87d26d4225524,United,DFW,EWR,209.0,0.0,209.0,342.0,6.0,4.0,0.0,0.0,0.0,0.0,6.0,7.0,8.0,21.7,0.0,3.0,9.5,10000.0,0.0,0.0,0.0
f0e22d0295e895f66df2ccf4336bd502,d7c9785ef9a0a608b2d57155cee1a20b,American,DFW,LGA,208.0,0.0,208.0,374.0,6.0,4.0,0.0,0.0,0.0,0.0,1.0,7.0,13.0,21.7,0.0,3.0,9.5,10000.0,0.0,0.0,0.0
9135957f57aeac8b90e81b14d8ece153,806a3ac903774d2e807963200ecbbc2a,JetBlue,FLL,LGA,172.0,0.0,172.0,256.0,6.0,4.0,0.0,1.0,0.0,0.0,4.0,9.0,13.0,24.4,0.0,2.0,9.1,10000.0,0.0,0.0,0.0
69731f23b6a709459c2988ccaf9ab026,0d45a3eb538718d5268ddf5757896bec,American,MIA,JFK,183.0,0.0,183.0,342.0,6.0,4.0,0.0,0.0,0.0,0.0,1.0,13.0,12.0,23.8,0.0,2.0,6.3,10000.0,0.0,0.0,0.0
0e48c9bf36b0d18e146e742ae84dd357,78d47953240c6f06672eb6d1f031e53a,Delta,MIA,LGA,184.0,0.0,184.0,274.0,6.0,4.0,0.0,0.0,0.0,0.0,2.0,13.0,13.0,23.8,0.0,2.0,6.3,10000.0,0.0,0.0,0.0
8294460b7be7b825d53989c87e74aac0,c6189a6e343d6bbeed62fd00c7e91928,JetBlue,FLL,JFK,180.0,0.0,180.0,256.0,6.0,4.0,0.0,0.0,0.0,0.0,4.0,9.0,12.0,24.4,0.0,2.0,9.1,10000.0,0.0,0.0,0.0
ea9fa8ecee9ffeb62d6ac0946f7c7108,9b4b44f795ff9d2751b6ac78f6c05e42,American,MIA,LGA,181.0,0.0,181.0,342.0,6.0,4.0,0.0,0.0,0.0,0.0,1.0,13.0,13.0,23.8,0.0,2.0,6.3,10000.0,0.0,0.0,0.0
a3e45d38f1d0bead1ed0e3b43170fed7,49e8f89039155d5b7512b54d7bbc9552,United,DFW,EWR,209.0,0.0,209.0,342.0,7.0,4.0,0.0,0.0,0.0,0.0,6.0,7.0,8.0,21.0,0.0,3.0,10.4,10000.0,0.0,0.0,0.0
225a38f898df489476b6bb2d466d5cea,e98df358b88079ae58d3d6abab3ff526,American,DFW,EWR,211.0,0.0,211.0,412.0,7.0,4.0,0.0,0.0,0.0,0.0,1.0,7.0,8.0,21.0,0.0,3.0,10.4,10000.0,0.0,0.0,0.0
b75c673919af9435352e0fdc6d0305e9,33ced55b4317554af758167e84f3f334,Delta,DFW,LGA,209.0,0.0,209.0,342.0,7.0,4.0,0.0,1.0,0.0,0.0,2.0,7.0,13.0,21.0,0.0,3.0,10.4,10000.0,0.0,0.0,0.0
754d570a1a92e9890b0393eca0951f28,7f2f681aa0f3b852634f6223ac8386a8,Delta,FLL,LGA,179.0,0.0,179.0,256.0,7.0,4.0,0.0,1.0,0.0,0.0,2.0,9.0,13.0,24.5,0.0,0.0,7.4,10000.0,0.0,0.0,0.0
6ceda9cc485faf4d90010bc0395ef7c9,cfc01e1f8b60e5a827234cc0750311c3,Delta,MIA,JFK,175.0,0.0,175.0,274.0,7.0,4.0,0.0,1.0,0.0,0.0,2.0,13.0,12.0,24.1,0.0,3.0,6.3,10000.0,0.0,0.0,0.0
2e83f34588b120c34cc8a31c2752da68,73ecac4834a92fbab3fb25525d57e211,Delta,FLL,JFK,169.0,0.0,169.0,256.0,7.0,4.0,0.0,0.0,0.0,0.0,2.0,9.0,12.0,24.5,0.0,0.0,7.4,10000.0,0.0,0.0,0.0
1cf05a8403c36e1802b7b7d58bc4c3a5,d0c9327ea7a91f66b2133c45ad5c2371,American,DFW,LGA,213.0,0.0,213.0,374.0,7.0,4.0,0.0,0.0,0.0,0.0,1.0,7.0,13.0,21.0,0.0,3.0,10.4,10000.0,0.0,0.0,0.0
63b55c5cec75016060992db8c701686a,fd88e52e5cd026b6eac8830e913f73f3,Frontier,DFW,EWR,220.0,0.0,220.0,225.0,8.0,4.0,0.0,1.0,0.0,0.0,3.0,7.0,8.0,20.5,1.4,61.0,8.0,10000.0,0.0,1.0,0.0
706f4ae2780ab96e0bb05b2f31d6d88d,570cb4b7af6c961346b05f58c9012e6c,JetBlue,FLL,JFK,186.0,0.0,186.0,256.0,8.0,4.0,0.0,1.0,0.0,0.0,4.0,9.0,12.0,25.9,0.0,1.0,7.0,10000.0,0.0,0.0,0.0
5a3008ff877fa0f2a5931be64af5c0de,f1e29e66ba7b33b06ccfa4ebda85b7ee,Delta,DFW,JFK,224.0,0.0,224.0,342.0,8.0,4.0,0.0,1.0,0.0,0.0,2.0,7.0,12.0,20.5,1.4,61.0,8.0,10000.0,0.0,1.0,0.0
1794ba1b59ae4525961cf55a1d8bf77c,7325e06226afbd8b173869156709b51a,Delta,MIA,LGA,183.0,0.0,183.0,274.0,8.0,4.0,0.0,1.0,0.0,0.0,2.0,13.0,13.0,25.6,0.0,1.0,6.2,10000.0,0.0,0.0,0.0
2fcc9230e213bc3bbe7863d6292c6a00,ce55325cef79002c2b84ecd0f462da5a,Delta,MIA,ATL,123.0,51.0,313.0,283.0,8.0,4.0,0.0,0.0,0.0,1.0,2.0,13.0,0.0,25.6,0.0,1.0,6.2,10000.0,0.0,0.0,0.0
fd408a2c34e58911ad0da3f2ecb1c5c0,100ab944821f0e752651f830fafce765,American,DFW,LGA,209.0,0.0,209.0,342.0,8.0,4.0,0.0,1.0,0.0,0.0,1.0,7.0,13.0,20.5,1.4,61.0,8.0,10000.0,0.0,1.0,0.0
8d2702b04ce62ecb4c829a5f63cb0c27,6f3d501705718427bb7f1bbe521f7b2b,American,MIA,JFK,188.0,0.0,188.0,389.0,8.0,4.0,0.0,0.0,0.0,0.0,1.0,13.0,12.0,25.6,0.0,1.0,6.2,10000.0,0.0,0.0,0.0
cc3e245f9ae501e7a9d05df951acd444,a6b17718cd3728e4b3719218fb6e33b0,American,MIA,LGA,181.0,0.0,181.0,274.0,8.0,4.0,0.0,1.0,0.0,0.0,1.0,13.0,13.0,25.6,0.0,1.0,6.2,10000.0,0.0,0.0,0.0
646f96f89451072c5d044b7f1500ccb5,944defcec0fdc2994e79ad54b9a7ea6c,JetBlue,FLL,JFK,186.0,0.0,186.0,256.0,9.0,4.0,0.0,1.0,0.0,0.0,4.0,9.0,12.0,28.3,0.1,51.0,13.6,10000.0,0.0,1.0,0.0
031539a469a37a5431d166a852c912e8,e568e615d25866bb8094208f5624575e,American,DFW,LGA,209.0,0.0,209.0,342.0,9.0,4.0,0.0,1.0,0.0,0.0,1.0,7.0,13.0,20.9,0.7,53.0,6.5,10000.0,0.0,1.0,1.0
2ebf37aa3d98d601466db160d3a39598,ad9384ac4b0dad02fdecb91a3852d093,Delta,ATL,JFK,140.0,0.0,330.0,350.0,9.0,4.0,1.0,0.0,0.0,0.0,2.0,0.0,12.0,22.5,0.0,3.0,9.6,10000.0,0.0,0.0,0.0
e5fa385c9781d99222d177e765c4eb96,00c3892b5711e7ae246a3651bf6ff013,American,DFW,JFK,222.0,0.0,222.0,342.0,9.0,4.0,0.0,1.0,0.0,0.0,1.0,7.0,12.0,20.9,0.7,53.0,6.5,10000.0,0.0,1.0,0.0
ef1eae4b0f4e9b48f704bdd2eb86604f,4a75a75d3879b2c4a5ea367e2014282f,American,MIA,CLT,130.0,66.0,312.0,283.0,9.0,4.0,0.0,0.0,0.0,1.0,1.0,13.0,4.0,28.2,0.2,51.0,8.1,10000.0,0.0,1.0,0.0
27dadd2f806dde86b17c6ec8d84eda86,a083ce2d71ef3f1a32af89b29aecb533,American,MIA,LGA,181.0,0.0,181.0,342.0,10.0,4.0,0.0,0.0,0.0,0.0,1.0,13.0,13.0,29.2,0.3,51.0,12.6,10000.0,0.0,1.0,0.0
38bb6626abbfbb3c06c4a96695772f28,257ec5181a7b819c5a080fb8db7f63d7,Delta,ATL,EWR,141.0,0.0,354.0,259.0,10.0,4.0,1.0,0.0,0.0,0.0,2.0,0.0,8.0,24.9,0.0,3.0,6.1,10000.0,0.0,0.0,0.0
af5eb58c98698e9cd4363514a92cadb8,000c025ea51354c5df6760003f975b58,Delta,DTW,EWR,104.0,0.0,330.0,277.0,10.0,4.0,1.0,0.0,0.0,0.0,2.0,8.0,8.0,27.1,0.1,0.0,9.2,10000.0,0.0,0.0,0.0
9cab297b23e2958a0a4b7a27bdf0f18f,4f4e9f245a58b3f89ff88482c3f58db4,American,MIA,JFK,194.0,0.0,194.0,304.0,10.0,4.0,0.0,0.0,0.0,0.0,1.0,13.0,12.0,29.2,0.3,51.0,12.6,10000.0,0.0,1.0,0.0
65f3d64c68ecd631baa96dcd2a07a582,64d5218d1d075d5e9507967454b86dbc,United,DFW,EWR,215.0,0.0,215.0,311.0,10.0,4.0,0.0,1.0,0.0,0.0,6.0,7.0,8.0,21.5,0.5,53.0,2.3,10000.0,0.0,1.0,0.0
e2fee98b378f7f1a8fd7941ce1fb0fd7,ff47334aaf381e301dbb7d48df9a28f7,American,DFW,LGA,213.0,0.0,213.0,342.0,10.0,4.0,0.0,0.0,0.0,0.0,1.0,7.0,13.0,21.5,0.5,53.0,2.3,10000.0,0.0,1.0,0.0
7d54d7913381b2d5e70fe0b6e7bf372e,6e90ec2c6598f1b9342b96625337ac90,JetBlue,FLL,LGA,175.0,0.0,175.0,256.0,10.0,4.0,0.0,0.0,0.0,0.0,4.0,9.0,13.0,29.2,0.1,51.0,12.8,10000.0,0.0,1.0,0.0
13cf9c556f19aa592b7d3b770bee3dec,196f50c06b547de436000a39485aef74,JetBlue,FLL,JFK,191.0,0.0,419.0,477.0,10.0,4.0,1.0,0.0,0.0,0.0,4.0,9.0,12.0,29.2,0.1,51.0,12.8,10000.0,0.0,1.0,0.0
6f2a02a4068175e9dad9f2698654a6f1,38b0bfecebacf9e561982a929d19eaec,JetBlue,FLL,JFK,191.0,0.0,191.0,256.0,10.0,4.0,0.0,1.0,0.0,0.0,4.0,9.0,12.0,29.2,0.1,51.0,12.8,10000.0,0.0,1.0,0.0
b1c3eb94cc7cd141d9fc8b675f0fafce,4c8b7068a28282b7663c682d4188d8f7,Delta,DFW,LGA,219.0,0.0,219.0,342.0,10.0,4.0,0.0,1.0,0.0,0.0,2.0,7.0,13.0,21.5,0.5,53.0,2.3,10000.0,0.0,1.0,0.0
7060d874a0a204c5fa0e3d3edcd50eb8,176befe2dd4e05eaab9364ff1acddb2f,American,DFW,JFK,218.0,0.0,218.0,342.0,11.0,4.0,0.0,1.0,0.0,0.0,1.0,7.0,12.0,21.7,0.6,53.0,5.6,10000.0,0.0,1.0,0.0
62f54915e6da1e8d8cb7b9b6f09ca445,04b737a1056e87dad09536f3bdaba5ad,Delta,FLL,JFK,171.0,0.0,171.0,256.0,11.0,4.0,0.0,1.0,0.0,0.0,2.0,9.0,12.0,30.2,0.2,51.0,16.9,10000.0,0.0,1.0,0.0
a0b6643a605588f6bcd6311c780e5b04,ce55325cef79002c2b84ecd0f462da5a,Delta,ATL,JFK,139.0,0.0,313.0,283.0,11.0,4.0,1.0,0.0,0.0,0.0,2.0,0.0,12.0,25.7,0.0,3.0,6.6,10000.0,0.0,0.0,0.0
49599dae42dbfec5353fe0fe244b6b52,1d27eb02e3ee5c2aa61a7a2937f2a3ce,Frontier,MIA,ATL,135.0,116.0,394.0,388.0,11.0,4.0,0.0,0.0,0.0,1.0,3.0,13.0,0.0,30.0,0.1,51.0,14.8,10000.0,0.0,1.0,0.0
f706611637d7377c104ee1ab43a071d2,cce04c102ba56bcf3e804913df162928,Delta,MIA,JFK,187.0,0.0,187.0,274.0,11.0,4.0,0.0,1.0,0.0,0.0,2.0,13.0,12.0,30.0,0.1,51.0,14.8,10000.0,0.0,1.0,0.0
c6c6916fbd55e0498d16680c0496dad6,312ce0693e1f3495b41455490002303c,Delta,MIA,LGA,188.0,0.0,188.0,736.0,11.0,4.0,0.0,0.0,0.0,0.0,2.0,13.0,13.0,30.0,0.1,51.0,14.8,10000.0,0.0,1.0,0.0
e8513fadf454d5b931c870ca3fe92646,3239e4933dbc18930770dcfc0cccb70d,Delta,FLL,LGA,178.0,0.0,178.0,256.0,11.0,4.0,0.0,0.0,0.0,0.0,2.0,9.0,13.0,30.2,0.2,51.0,16.9,10000.0,0.0,1.0,0.0
91df9827a89b98074ec6d714c01b67a0,756bd7d54c9996ab3d5307b21e6ac10e,American,DFW,LGA,212.0,0.0,212.0,342.0,11.0,4.0,0.0,0.0,0.0,0.0,1.0,7.0,13.0,21.7,0.6,53.0,5.6,10000.0,0.0,1.0,1.0
db33f5907cf4bcea2318e5ba98eda441,88237076b732edf770cbeeaf6e9874fd,American,DFW,EWR,214.0,0.0,214.0,342.0,11.0,4.0,0.0,1.0,0.0,0.0,1.0,7.0,8.0,21.7,0.6,53.0,5.6,10000.0,0.0,1.0,1.0
99859822c57479db4328b29ea2c1c1c3,1f8ca62d0b149d5ad98922d9bb4e2126,American,DFW,JFK,222.0,0.0,222.0,342.0,11.0,4.0,0.0,1.0,0.0,0.0,1.0,7.0,12.0,21.7,0.6,53.0,5.6,10000.0,0.0,1.0,1.0
b75ae66fac7810fad1a2876b2e95f330,67b7bc4ce5c3d117c9f90286674ba3bb,American,FLL,LGA,179.0,0.0,179.0,468.0,12.0,4.0,0.0,0.0,0.0,0.0,1.0,9.0,13.0,31.1,0.1,51.0,17.8,10000.0,0.0,1.0,0.0
2ba667104e78b00bc94e6bd5c08b08e0,47d6fdbc800c930ecceb2ba07c8fb35b,JetBlue,FLL,LGA,174.0,0.0,174.0,256.0,12.0,4.0,0.0,0.0,0.0,0.0,4.0,9.0,13.0,31.1,0.1,51.0,17.8,10000.0,0.0,1.0,1.0
29c3af386f2d5000d69109d24dbde0e7,236725154947683c7e9ccf9ee1871b2b,Delta,DFW,ATL,138.0,61.0,365.0,350.0,12.0,4.0,0.0,0.0,0.0,1.0,2.0,7.0,0.0,23.8,0.0,3.0,5.0,10000.0,0.0,0.0,0.0
093d756061cb2f6bfcf50d472a1e2709,da88671b5b07e2323a81e069c0ab7ea1,United,DFW,IAD,184.0,51.0,322.0,290.0,12.0,4.0,0.0,0.0,0.0,1.0,6.0,7.0,10.0,23.8,0.0,3.0,5.0,10000.0,0.0,0.0,0.0
6fb2d51a713ded082276a94cf3265191,e436a6b3f3b3f00f48276e6af4f69b51,American,DFW,LGA,213.0,0.0,213.0,342.0,12.0,4.0,0.0,0.0,0.0,0.0,1.0,7.0,13.0,23.8,0.0,3.0,5.0,10000.0,0.0,0.0,1.0
ae0ad723e9f4630c05723040b28d71b7,b687b8d100a2c0ece00a2868d816d7fa,United,DFW,EWR,217.0,0.0,217.0,311.0,13.0,4.0,0.0,0.0,0.0,0.0,6.0,7.0,8.0,25.6,0.1,51.0,2.3,10000.0,0.0,1.0,0.0
0cea43eaf71c1809b3fc0f9d5b94c855,4a75a75d3879b2c4a5ea367e2014282f,American,CLT,LGA,116.0,0.0,312.0,283.0,13.0,4.0,1.0,0.0,0.0,0.0,1.0,4.0,13.0,27.1,0.1,0.0,9.2,10000.0,0.0,0.0,0.0
bf2a69bc2df7e6b5e56551ff0d1f90dd,8ecfe5e5d86447f1775ccc4265800cae,Delta,DFW,LGA,215.0,0.0,215.0,342.0,13.0,4.0,0.0,0.0,0.0,0.0,2.0,7.0,13.0,25.6,0.1,51.0,2.3,10000.0,0.0,1.0,1.0
0ac3022c6a0e69969a6ac37a00eca1dc,973f5edc0272603c61706c7f0386ec88,Delta,DFW,DTW,165.0,33.0,305.0,259.0,13.0,4.0,0.0,0.0,0.0,1.0,2.0,7.0,7.0,25.6,0.1,51.0,2.3,10000.0,0.0,1.0,0.0
50252967ff1c3152fb395fa12ed80dc4,bfe766d4aab200245fd2792889bfd431,American,DFW,LGA,212.0,0.0,212.0,342.0,13.0,4.0,0.0,0.0,0.0,0.0,1.0,7.0,13.0,25.6,0.1,51.0,2.3,10000.0,0.0,1.0,1.0
262f1a480a4411f6be8611acfdf73f7b,d1d4946e51391898e332ca872dcec636,American,MIA,JFK,190.0,0.0,190.0,274.0,13.0,4.0,0.0,1.0,0.0,0.0,1.0,13.0,12.0,30.5,0.8,53.0,14.2,10000.0,0.0,1.0,0.0
ba372671e128c4e8334f054d8ec72c80,82f9955d45b303334e74b4e4af08560e,American,MIA,LGA,183.0,0.0,183.0,274.0,14.0,4.0,0.0,0.0,0.0,0.0,1.0,13.0,13.0,31.4,0.0,0.0,15.1,10000.0,0.0,0.0,1.0
9e90f4df70982d729307524bee9bcd4e,a85fb186280581b889bb29197822a7ce,American,DFW,EWR,213.0,0.0,213.0,342.0,14.0,4.0,0.0,0.0,0.0,0.0,1.0,7.0,8.0,26.5,0.2,51.0,0.7,10000.0,0.0,1.0,1.0
00272469f4ac0681d8c24cb47ed3e08e,55f1645801bd84b8e042acb62f764352,American,DFW,LGA,211.0,0.0,211.0,342.0,14.0,4.0,0.0,0.0,0.0,0.0,1.0,7.0,13.0,26.5,0.2,51.0,0.7,10000.0,0.0,1.0,1.0
fba0d3360519fa0c97cad19ae22baa59,dea0f8a9c92e305e5b3eb765b75cec9c,Delta,FLL,LGA,191.0,0.0,191.0,256.0,15.0,4.0,0.0,0.0,0.0,0.0,2.0,9.0,13.0,31.7,0.0,0.0,17.4,10000.0,0.0,0.0,0.0
99e90575693d52372249c6345754ec11,7d06e3f7f4f10f9f5cd5ca818805c587,Delta,MIA,JFK,209.0,0.0,209.0,274.0,15.0,4.0,0.0,0.0,0.0,0.0,2.0,13.0,12.0,31.4,0.0,0.0,14.9,10000.0,0.0,0.0,0.0
cd2f1f6e507b5d5d305f4309da5979f9,e0f7b6dd1338e0b1418ec5eaa9793d58,Delta,FLL,JFK,199.0,0.0,199.0,256.0,15.0,4.0,0.0,0.0,0.0,0.0,2.0,9.0,12.0,31.7,0.0,0.0,17.4,10000.0,0.0,0.0,0.0
e4704686ba16a9186ced399182e44691,e274fcf9a543dd3b5bfe187757f9492d,Delta,MIA,LGA,198.0,0.0,198.0,274.0,15.0,4.0,0.0,0.0,0.0,0.0,2.0,13.0,13.0,31.4,0.0,0.0,14.9,10000.0,0.0,0.0,1.0
8f8694e357748e44f3bc2df1899bd2cb,1d27eb02e3ee5c2aa61a7a2937f2a3ce,Frontier,ATL,LGA,143.0,0.0,394.0,388.0,15.0,4.0,1.0,0.0,0.0,0.0,3.0,0.0,13.0,27.1,0.0,3.0,9.3,10000.0,0.0,0.0,1.0
d836bb4734bab2182c4616f254b4694b,ad032a8d4c416db23d4b21e36042e381,American,MIA,LGA,179.0,0.0,179.0,274.0,15.0,4.0,0.0,1.0,0.0,0.0,1.0,13.0,13.0,31.4,0.0,0.0,14.9,10000.0,0.0,0.0,1.0
864191537a10f2d098f4a4582c970055,3e923871afb833599c8eccd5eff1bf4e,American,DFW,JFK,224.0,0.0,224.0,342.0,15.0,4.0,0.0,1.0,0.0,0.0,1.0,7.0,12.0,27.5,0.1,51.0,0.6,10000.0,0.0,1.0,1.0
6680cdc9a553aa39dbfa89f57b77ffb8,edd73c797ab5bacdc8f5da41aecc53d8,JetBlue,FLL,JFK,191.0,0.0,191.0,256.0,15.0,4.0,0.0,0.0,0.0,0.0,4.0,9.0,12.0,31.7,0.0,0.0,17.4,10000.0,0.0,0.0,1.0
2fdf181670a87f8bd72a26a610a50bce,911dd3aac515ed7597c736c96a97cf0d,American,DFW,LGA,211.0,0.0,211.0,342.0,15.0,4.0,0.0,0.0,0.0,0.0,1.0,7.0,13.0,27.5,0.1,51.0,0.6,10000.0,0.0,1.0,1.0
f94a577184ad9af03158295c0b795f2b,0e0098f902fe596af882d9ad39ca8e35,Southwest,MIA,BNA,145.0,160.0,445.0,214.0,16.0,4.0,0.0,0.0,0.0,1.0,5.0,13.0,1.0,31.1,0.1,51.0,14.8,10000.0,0.0,1.0,0.0
8590712979d704b0953e53275df6b51c,dbcac83fa96b10658d78e1d0516c406a,American,MIA,JFK,190.0,0.0,190.0,274.0,16.0,4.0,0.0,1.0,0.0,0.0,1.0,13.0,12.0,31.1,0.1,51.0,14.8,10000.0,0.0,1.0,0.0
d2652f6aa25eb3d68db5b0eb4ac1f303,9efe7ac405371a18f7636e06d7dfbc7d,American,FLL,CLT,137.0,102.0,362.0,264.0,16.0,4.0,0.0,0.0,0.0,1.0,1.0,9.0,4.0,31.5,0.0,0.0,17.3,10000.0,0.0,0.0,0.0
d7caeab5f2be53f3b89ebd1f17889425,c177350eb337c11dc02a2467976680a7,Delta,DFW,LGA,217.0,0.0,217.0,342.0,16.0,4.0,0.0,0.0,0.0,0.0,2.0,7.0,13.0,28.0,0.0,3.0,2.0,10000.0,0.0,0.0,1.0
236cd214eb3d232392192aaafea9c6ae,8c71341f1f5f8df986694fec2eccecf9,Frontier,DFW,ATL,154.0,170.0,469.0,196.0,16.0,4.0,0.0,0.0,0.0,1.0,3.0,7.0,0.0,28.0,0.0,3.0,2.0,10000.0,0.0,0.0,1.0
171970ba13cb4bc6d695b155199a5b7a,8c03cefdcea1fafd3c58abd6db834c0e,American,MIA,LGA,182.0,0.0,182.0,274.0,16.0,4.0,0.0,0.0,0.0,0.0,1.0,13.0,13.0,31.1,0.1,51.0,14.8,10000.0,0.0,1.0,1.0
ba0ec37ed6ed8ebe15bf2fa81358974e,236725154947683c7e9ccf9ee1871b2b,Delta,ATL,JFK,166.0,0.0,365.0,350.0,16.0,4.0,1.0,0.0,0.0,0.0,2.0,0.0,12.0,29.5,0.0,3.0,6.4,10000.0,0.0,0.0,0.0
bde58297d4d8ed6ea14b22ed2bcd79f3,ced826356a73af606584822942e8e0a6,JetBlue,FLL,LGA,178.0,0.0,178.0,256.0,16.0,4.0,0.0,0.0,0.0,0.0,4.0,9.0,13.0,31.5,0.0,0.0,17.3,10000.0,0.0,0.0,1.0
44670bc9661dfba448cf576cf64d206b,468129e23aaa55b41f2295bb98c20005,United,DFW,EWR,215.0,0.0,215.0,311.0,16.0,4.0,0.0,0.0,0.0,0.0,6.0,7.0,8.0,28.0,0.0,3.0,2.0,10000.0,0.0,0.0,1.0
1786a604205b3373ddcd29e0a1c448ea,173bb38e3e785c5fa1ae83aa5e641227,American,DFW,LGA,212.0,0.0,212.0,342.0,16.0,4.0,0.0,0.0,0.0,0.0,1.0,7.0,13.0,28.0,0.0,3.0,2.0,10000.0,0.0,0.0,1.0
97b17394241593dd29498b6b1dac522a,b813d6a5f1d0d514bd4bc453d21e36fd,United,DFW,IAD,189.0,41.0,315.0,290.0,17.0,4.0,0.0,0.0,0.0,1.0,6.0,7.0,10.0,28.0,0.1,51.0,3.8,10000.0,0.0,1.0,1.0
319f30b9666943f9ccefbc850c44261c,1c95d7f995421c8aad4dc310d0cd8a2f,United,DFW,IAD,189.0,65.0,344.0,259.0,17.0,4.0,0.0,0.0,0.0,1.0,6.0,7.0,10.0,28.0,0.1,51.0,3.8,10000.0,0.0,1.0,1.0
59a03e9cbac5927968f7ec8816dc7c32,da88671b5b07e2323a81e069c0ab7ea1,United,IAD,LGA,87.0,0.0,322.0,290.0,17.0,4.0,1.0,0.0,0.0,0.0,6.0,10.0,13.0,27.1,0.1,0.0,9.2,10000.0,0.0,0.0,0.0
2032feca3f62027a56762f57b73f33b6,af334d1ab4c3e294a7905f25acbc8d82,Frontier,DFW,LGA,219.0,0.0,219.0,343.0,17.0,4.0,0.0,1.0,0.0,0.0,3.0,7.0,13.0,28.0,0.1,51.0,3.8,10000.0,0.0,1.0,1.0
8770bf5e5cfd3adccdde523d7186a362,de2385af5bb386ac9dcf2d56a765dc8f,United,DFW,IAH,82.0,69.0,373.0,259.0,17.0,4.0,0.0,0.0,0.0,1.0,6.0,7.0,11.0,28.0,0.1,51.0,3.8,10000.0,0.0,1.0,1.0
f604c9acb375ade4a91a8916f3760a21,973f5edc0272603c61706c7f0386ec88,Delta,DTW,EWR,107.0,0.0,305.0,259.0,17.0,4.0,1.0,0.0,0.0,0.0,2.0,8.0,8.0,27.1,0.1,0.0,9.2,10000.0,0.0,0.0,0.0
692a9e23e1f52ac5216f46f9b747ca8f,4c675dd31388d8d8c13bddaf75616143,American,DFW,JFK,226.0,0.0,226.0,342.0,17.0,4.0,0.0,0.0,0.0,0.0,1.0,7.0,12.0,28.0,0.1,51.0,3.8,10000.0,0.0,1.0,1.0
75e723b38738a8fe742aa3722887b8d8,2db2719573dcb6709cc14c84176612d9,American,MIA,LGA,184.0,0.0,184.0,274.0,17.0,4.0,0.0,0.0,0.0,0.0,1.0,13.0,13.0,30.6,0.1,51.0,14.8,10000.0,0.0,1.0,1.0
9ad32a1b975b2df0c8c3dbe71daa91c8,bca5908370b18e0690802a148c4ab755,United,DFW,ORD,160.0,59.0,362.0,259.0,17.0,4.0,0.0,0.0,0.0,1.0,6.0,7.0,15.0,28.0,0.1,51.0,3.8,10000.0,0.0,1.0,1.0
37d469b173e999dae524b30aab8ea931,c6ad75d5137c501939e2de8ba128d629,American,DFW,LGA,212.0,0.0,212.0,342.0,17.0,4.0,0.0,0.0,0.0,0.0,1.0,7.0,13.0,28.0,0.1,51.0,3.8,10000.0,0.0,1.0,1.0
ac013fe647dac7e294bb05d5d1eae1b0,6a5db740e911963a4fbd1b382995823e,American,FLL,LGA,177.0,0.0,177.0,256.0,17.0,4.0,0.0,1.0,0.0,0.0,1.0,9.0,13.0,31.0,0.0,0.0,16.3,10000.0,0.0,0.0,1.0
eccc1927573ad23f1f907dc429d3106a,85018b82c7ebfda9f3804c9189585f9b,American,MIA,JFK,191.0,0.0,191.0,274.0,18.0,4.0,0.0,0.0,0.0,0.0,1.0,13.0,12.0,29.7,0.5,53.0,12.7,10000.0,0.0,1.0,1.0
6ec93302b611589909347a8bd96f14f3,7816d91d7f8f5280920dd701c9edbb0b,American,DFW,EWR,214.0,0.0,214.0,342.0,18.0,4.0,0.0,0.0,0.0,0.0,1.0,7.0,8.0,27.9,0.0,0.0,3.9,10000.0,0.0,0.0,0.0
043c11619aac85208828c006ae3397a5,d9199e2dc7ae6a64bd44711aadbea4db,JetBlue,FLL,LGA,178.0,0.0,178.0,256.0,18.0,4.0,0.0,0.0,0.0,0.0,4.0,9.0,13.0,30.5,0.0,0.0,15.0,10000.0,0.0,0.0,0.0
d2c5d68332100b3cca684f421dd79554,9693371d84292cd81dc9f86f341e441b,Delta,DFW,ATL,143.0,40.0,320.0,259.0,18.0,4.0,0.0,0.0,0.0,1.0,2.0,7.0,0.0,27.9,0.0,0.0,3.9,10000.0,0.0,0.0,0.0
c8892f3a6649a45b07387f38f6d5481b,5d165c45edae8fd48808f52239a34bb8,Delta,DFW,LGA,216.0,0.0,216.0,342.0,18.0,4.0,0.0,0.0,0.0,0.0,2.0,7.0,13.0,27.9,0.0,0.0,3.9,10000.0,0.0,0.0,1.0
169b3e045d77211a8a56a90cfd34112b,cb39b3c2bbc4a2359da0c0d1f23a35fd,American,DFW,LGA,213.0,0.0,213.0,342.0,19.0,4.0,0.0,0.0,0.0,0.0,1.0,7.0,13.0,27.5,0.0,0.0,4.3,10000.0,0.0,0.0,1.0
59ac5586e323dbf84d652988c5dfd7f9,d91f444432d10284dd95e98f6b47f2c0,American,MIA,JFK,194.0,0.0,194.0,274.0,19.0,4.0,0.0,0.0,0.0,0.0,1.0,13.0,12.0,29.4,0.0,2.0,10.7,10000.0,0.0,0.0,1.0
585a2420a6fc722708b6c0d9b7dc2233,7e637889dfb0c496bd4a4c631b493297,Delta,MIA,LGA,197.0,0.0,197.0,274.0,19.0,4.0,0.0,0.0,0.0,0.0,2.0,13.0,13.0,29.4,0.0,2.0,10.7,10000.0,0.0,0.0,0.0
c462a635a1bf44294321a75d90cc8ecd,459cd775cb01c73e06a266ef32542b31,American,MIA,LGA,185.0,0.0,185.0,274.0,19.0,4.0,0.0,0.0,0.0,0.0,1.0,13.0,13.0,29.4,0.0,2.0,10.7,10000.0,0.0,0.0,1.0
72bed8a5e932ac1fc172e7f4bee07a62,16dd2236771e6e705044c01505b116f7,Delta,FLL,LGA,181.0,0.0,181.0,256.0,19.0,4.0,0.0,0.0,0.0,0.0,2.0,9.0,13.0,29.9,0.0,2.0,12.2,10000.0,0.0,0.0,1.0
464ad693b24edfc187dd246593179d7e,de2385af5bb386ac9dcf2d56a765dc8f,United,IAH,EWR,222.0,0.0,373.0,259.0,19.0,4.0,1.0,0.0,0.0,0.0,6.0,11.0,8.0,27.1,0.0,3.0,8.8,10000.0,0.0,0.0,0.0
feeaefbef721ed8697bfbbf5a506a6d6,29914225cb1f1ab2cce25c9b975da01b,Delta,FLL,JFK,179.0,0.0,179.0,256.0,19.0,4.0,0.0,0.0,0.0,0.0,2.0,9.0,12.0,29.9,0.0,2.0,12.2,10000.0,0.0,0.0,1.0
26daf96e011594e44e974992a510758a,b1a925b5ae36089fcd4321b11df69232,Delta,MIA,JFK,200.0,0.0,200.0,274.0,19.0,4.0,0.0,0.0,0.0,0.0,2.0,13.0,12.0,29.4,0.0,2.0,10.7,10000.0,0.0,0.0,1.0
56f11ec022bf30d1811393dfaa376eaa,0e0098f902fe596af882d9ad39ca8e35,Southwest,BNA,LGA,140.0,0.0,445.0,214.0,20.0,4.0,1.0,0.0,0.0,0.0,5.0,1.0,13.0,27.1,0.1,0.0,9.2,10000.0,0.0,0.0,0.0
5f8cb99d6a62f87324b20022fc82f04c,f17e2a5dd88e09a8befdef1603552d43,JetBlue,FLL,LGA,177.0,0.0,177.0,256.0,20.0,4.0,0.0,0.0,0.0,0.0,4.0,9.0,13.0,29.4,0.0,3.0,10.6,10000.0,0.0,0.0,0.0
8eb9f6c36da53af661496dce312d8545,3e53abeac7d9b0a254c3f81494cf2c0f,Frontier,DFW,CLT,160.0,1059.0,1345.0,201.0,20.0,4.0,0.0,0.0,0.0,1.0,3.0,7.0,4.0,26.1,0.0,0.0,3.7,10000.0,0.0,0.0,1.0
adb62c1c8b638195e14575ee4faf33ea,9efe7ac405371a18f7636e06d7dfbc7d,American,CLT,JFK,123.0,0.0,362.0,264.0,20.0,4.0,1.0,0.0,0.0,0.0,1.0,4.0,12.0,27.1,0.1,0.0,9.2,10000.0,0.0,0.0,0.0
9f23a9ad7c4b25d3aa2bfd5a7bac02b7,f6c7b079afe62436164d51747b594957,United,DFW,EWR,212.0,0.0,212.0,342.0,20.0,4.0,0.0,0.0,0.0,0.0,6.0,7.0,8.0,26.1,0.0,0.0,3.7,10000.0,0.0,0.0,1.0
65b3232b78a6de4519c254a7bb2c9184,72d2c1a8d6d619685f8474a1508f6fd2,American,MIA,LGA,183.0,0.0,183.0,274.0,20.0,4.0,0.0,0.0,0.0,0.0,1.0,13.0,13.0,28.6,0.0,2.0,9.0,10000.0,0.0,0.0,1.0
8a544b04d04e623cb7ae4e62880c0b71,c343b636421021a9e6e3fce2c77ed174,JetBlue,FLL,JFK,186.0,0.0,186.0,256.0,20.0,4.0,0.0,0.0,0.0,0.0,4.0,9.0,12.0,29.4,0.0,3.0,10.6,10000.0,0.0,0.0,1.0
e311c8cba6c7b7cdd239e0fd839bc8b1,bca5908370b18e0690802a148c4ab755,United,ORD,EWR,143.0,0.0,362.0,259.0,21.0,4.0,1.0,0.0,1.0,0.0,6.0,14.0,8.0,27.1,0.1,0.0,9.2,10000.0,0.0,0.0,0.0
2e4b44236460770c539f591430f53d6f,86bbc2202634b342e334e0043358d347,American,MIA,JFK,187.0,0.0,187.0,274.0,21.0,4.0,0.0,0.0,1.0,0.0,1.0,13.0,12.0,27.9,0.0,1.0,6.3,10000.0,0.0,0.0,1.0
a8f1b1de3ed9a1cf0b568dbbc723a117,b813d6a5f1d0d514bd4bc453d21e36fd,United,IAD,LGA,85.0,0.0,315.0,290.0,22.0,4.0,1.0,0.0,1.0,0.0,6.0,10.0,13.0,27.1,0.1,0.0,9.2,10000.0,0.0,0.0,0.0
caaef7da894bcfe29d8167eda1a7db10,fa8ef001ed928bc5d45071cc5a692d19,American,DFW,ORD,145.0,320.0,601.0,335.0,22.0,4.0,0.0,0.0,1.0,1.0,1.0,7.0,15.0,24.0,0.0,0.0,7.3,10000.0,0.0,0.0,1.0
b3c20e966d0439af9d012231895b14f2,1c95d7f995421c8aad4dc310d0cd8a2f,United,IAD,EWR,90.0,0.0,344.0,259.0,22.0,4.0,1.0,0.0,1.0,0.0,6.0,10.0,8.0,27.1,0.1,0.0,9.2,10000.0,0.0,0.0,0.0
d7da5ba2b9446604b6f285ad2bc1aeb1,9693371d84292cd81dc9f86f341e441b,Delta,ATL,EWR,137.0,0.0,320.0,259.0,22.0,4.0,1.0,0.0,1.0,0.0,2.0,0.0,8.0,21.8,0.0,3.0,7.3,10000.0,0.0,0.0,0.0
a84b8b9e82a02d979d8815a7abaf8570,8c71341f1f5f8df986694fec2eccecf9,Frontier,ATL,EWR,145.0,0.0,469.0,196.0,22.0,4.0,1.0,0.0,1.0,0.0,3.0,0.0,8.0,21.8,0.0,3.0,7.3,10000.0,0.0,0.0,1.0
d56f911999ebcc094ebdf03d06ef81fa,fa8ef001ed928bc5d45071cc5a692d19,American,ORD,LGA,136.0,0.0,601.0,335.0,5.0,5.0,1.0,0.0,1.0,0.0,1.0,14.0,13.0,27.1,0.1,0.0,9.2,10000.0,0.0,0.0,0.0
a7428ed0824f577e6e7cfe4f19515b4e,3e53abeac7d9b0a254c3f81494cf2c0f,Frontier,CLT,LGA,126.0,0.0,1345.0,201.0,17.0,5.0,1.0,0.0,0.0,0.0,3.0,4.0,13.0,27.1,0.1,0.0,9.2,10000.0,0.0,0.0,0.0
